headline,label
Visa invests in Cincinnati startup Lisnr,-1
Peloton Tumbles as Wall Street Seeks Signs of Path to Profit,1
Visa moving global HQ up to 1500 employees to Giants39 Mission Rock,-1
Nvidia39s Jensen Huang named topperforming CEO of 2019,1
The Zacks Analyst Blog Highlights Apple Intel JPMorgan Chase United Technologies and Home Depot,-1
This simple stock investing strategy combines value quality and dividends into a winning formula,-1
Bank of America is increasing its minimum wage to 20 per hour sooner than expected,-1
Time to Buy Facebook FB Stock After Earnings Despite Political Worries,1
New Calhoun Square owner promises 39significant changes39 after 345M deal,1
Gold Prices Stand Firm as Risk Assets Rally on Trade Hopes,1
Is JPMorgan Stock A Buy Right Now Here39s What Earnings Charts Show,1
Warren Buffett Has Been Searching for a Big Acquisition He Should Buy Walgreens,1
Visa Statement on Tencents Intent to Support International Card Schemes into Mobile Wallet,1
6 Stocks to Buy for Their Massive Stock Buybacks,1
Market Morning Trump Tax Returns Aramco IPO Confusion Fall From Space Uber Loss,1
Wall Street and the City of London Have Rattled Berlin,1
Stocks  US Futures Jump After White House Considers Huawei Trade Exceptions,1
Why a surtax on multimillionaires income is better than a wealth tax,1
Global Payments GPN Beats on Q3 Earnings Ups 2019 View,1
Wall Street and the City of London Have Rattled Berlin,1
The Zacks Analyst Blog Highlights Facebook JPMorgan Chase Royal Dutch Shell Starbucks and Celgene,1
When Momentum Stocks Cant Live Up to Their Name,1
Should iShares Russell Top 200 Value ETF IWX Be on Your Investing Radar,1
The Zacks Analyst Blog Highlights Bank of America Fannie Mae JPMorgan Citigroup and Wells Fargo,-1
Chinas Megvii Considers Delaying IPO on Blacklist Concerns,-1
JPMorgan Has a Plan to Help Amazon and Airbnb Look More Like Banks,1
Bank of America ramps up timeline for 20 an hour minimum wage,1
US Hiring Resilient With 128000 Gain Validating Fed Pause,1
Bank of America continues flurry of new Houstonarea branch openings,1
Peloton Tumbles as Wall Street Seeks Signs of Path to Profit,1
BofA to award employee incentives for third year in a row,1
JPMorgan Chase raids Silicon Valley Bank for new venture capital banking team,1
Jamie Dimon On China WeWork And Brexit,-1
IBM Bank of America team up to launch financial servicesspecific cloud,1
Stock Market Confuses Optimism With Relief,-1
UPDATE 1IBM Bank of America team up to launch financial servicesspecific cloud,1
This Day In Market History JP Morgan Ships In Gold To Bail Out The US,1
JPMorgan CEO says lessons learned from failed WeWork IPO,1
Is JPMorgan Stock A Buy Right Now Here39s What Earnings Charts Show,1
BofA honors two PIttsburgh nonprofits as Neighborhood Builders,1
JPMorgan Chase raids Silicon Valley Bank for new venture capital banking team,1
New York Police Commissioner James P ONeill to Join Visa as Senior Vice President Head of Global Security,1
Top Research Reports for Visa ATT  CocaCola,1
JPMorgan Chase hires Silicon Valley Bank leader in Boston,-1
JPMorgan Chase hires Silicon Valley Bank leader in Boston,-1
Alipay WeChat Pay Open Apps to Foreigners Visiting China,1
Jamie Dimon On China WeWork And Brexit,-1
Warren Buffett Has Been Searching for a Big Acquisition He Should Buy Walgreens,1
China Tech at Center of Trade War Is Haven for Bonds,1
5 Stocks Driving Three Major Indexes to Record Highs,-1
New Calhoun Square owner promises 39significant changes39 after 345M deal,1
3 Strong Buy Payment Stocks from Oppenheimers Top Analyst,-1
Visa Announces Plans for New StateoftheArt San Francisco Headquarters,-1
UPDATE 1Bank of America Raymond James to pay 12 mln for college fund overcharges,-1
These 7 Stocks to Buy Were Big Winners This Earnings Season,1
RPTSE Asia39s biggest travel app Traveloka eyes dual listing bets on fintech,1
The Zacks Analyst Blog Highlights Visa ATampT CocaCola salesforcecom and Lowe39s,-1
Chinas Megvii Considers Delaying IPO on Blacklist Concerns,-1
UPDATE 1China mobile payment giants Alipay WeChat open to international cards,1
JPMorgan pours 130bn of excess cash into bonds in major shift,1
Are Cryptocurrencies and PayPal a Risk for Banking,1
Star Wars Creator George Lucas Buys More JPMorgan Stock,1
Bank of America Raymond James to pay 12 million for college fund overcharges,1
JPMorgan CEO says lessons learned from failed WeWork IPO,1
How the latest steps by Alipay and WeChat bring China closer to replacing cash with cellphones,1
Is JPMorgan Stock A Buy Right Now Here39s What Earnings Charts Show,1
Bank of America bumps up minimum wage to 20 an hour,1
Bank stocks get a boost after jobs data,1
Why a surtax on multimillionaires income is better than a wealth tax,1
Berkshire Stock Could Get a Lift as Earnings Cash Pile Grow,1
Mastercard Manages To Beat Both Top And Bottom Line Estimates,1
Aramco Starts IPO With Princes Economic Vision at Stake,1
Why Bank Stocks Werent Impacted by Feds Rate Cut,1
JP Morgan Releases 2020 LongTerm Capital Market Assumptions Analysis Reveals Need For New Portfolio Construction Tactics in LowRate World,1
This Day In Market History JP Morgan Ships In Gold To Bail Out The US,1
Bank of America Citigroup stocks rally after JP Morgan boosts bank price targets,1
JPMorgan Has a Plan to Help Amazon and Airbnb Look More Like Banks,1
Is Schwab Fundamental US Broad Market Index ETF FNDB a Strong ETF Right Now,1
Dow Jones Today A Decent Day Despite McDonalds Controversy,1
6 Guru Stocks With Negative Performances,-1
Podcast A 19 Drop for Under Armour and Two More Numbers to Know,1
TOTAL TOT Q3 Earnings Beat Estimates Brent Price Hurts,-1
UPDATE 1Petrochina reports big shale gas additions in Sichuan basin,-1
UPDATE FuelCell shares rally 90 premarket on news of 60 million carbon capture tech pact with ExxonMobil,-1
4 Oil amp Gas Stocks Likely to Surpass Q3 Earnings Estimates,1
Should You Avoid PetroChina Company Limited PTR Like Hedge Funds Did,1
UPDATE 1PDVSA Chevron to turn Venezuela crude blending plant back into upgrader sources,1
Mozambique39s president victorious in election  observer group,-1
Top Research Reports for UPS PetroChina  Honeywell,-1
Saudi Aramco to delay some of PetroChina39s October oil loadings  source,-1
Oxy Swaps Moxie for Austerity in 2020,-1
How the Saudi Aramco IPO Will Affect Other Oil Stocks,-1
CEO Oxy to make further sales to pay down debt reduce spending,1
CNX Resources CNX Posts NarrowerThanExpected Q3 Loss,1
What Is A Dividend Plus The 5 Best DividendPaying Stocks Now,1
Walgreens Boots Exxon Mobil share losses contribute to Dow39s 80point drop,1
TOTAL to Gain From Adani Venture as India Invests 60B in Gas,1
UPDATE 1Mozambique president heads for big win as observers report iregularities,1
Hedge Funds Have Never Been More Bullish On Danaher Corporation DHR,-1
Stock Market News for Aug 30 2019,-1
Einhorn Still Bearish on Tesla Prefers GM and Energy Stocks,-1
PetroChina Discovers Shale Gas Reserves in the Sichuan Basin,1
US Indexes Close Mostly Higher Tuesday,1
What Kind Of Shareholder Appears On The TOTAL SA39s EPAFP Shareholder Register,1
Chinese Oil Giant Significantly Boosts Shale Reserves,1
How the Saudi Aramco IPO Will Affect Other Oil Stocks,-1
UPDATE 1Equatorial Guinea to award 78 blocks in Nov press for more drilling,1
Ormat Technologies ORA Q3 Earnings Miss Revenues Up YY,-1
FuelCell shares rocket 108 on news of expanded carbon capture deal with Exxon,1
3 Stocks Poised to Gain From India39s 60B Investment in Gas,-1
Saudi Aramcos IPO Is Coming Heres What Investors Need to Know,1
The Zacks Analyst Blog Highlights Facebook UnitedHealth HSBC PetroChina and Netflix,1
Brazil39s Oil Flop Is a Warning for Majors and Aramco,-1
ExxonMobil FuelCell Energy Expand Agreement for Carbon Capture Technology,1
Has Shell Performed Better than BP in Q3,1
UPDATE 2Kazakh energy minister says new Tengiz expansion cost too high,1
Saudi Aramco39s Mega IPO 5 Key Facts,1
Consider This Global Energy ETF For Dividends,1
Oil amp Gas Stock Roundup ConocoPhillips39 Australia Asset Sale Phillips 6639s Buyback amp More,1
Walgreens Boots Exxon Mobil share losses contribute to Dow39s 80point drop,1
The Zacks Analyst Blog Highlights ConocoPhillips Phillips 66 BP and TOTAL,1
Walgreens Boots Exxon Mobil share losses lead the way but Dow flat,-1
PDVSA Chevron to turn Venezuela crude blending plant back into upgrader  sources,1
The Zacks Analyst Blog Highlights United Parcel PetroChina Honeywell CME and HP,1
Walgreens Boots Exxon Mobil share losses lead the way but Dow flat,-1
Saudi Aramco finally launches longawaited megaIPO,-1
Headline Roundup,0
Chinas Big 3 Struggle To Ramp Up Oil Production,-1
Total Profit Beats Estimates as It Boosts Output Cuts Costs,-1
False Optimism In Oil Wont Last,-1
Why Royal Dutch Shell Stock Could Stand Out From Big Oil,-1
Now Googlers Are Protesting Companys Deals With Big Oil,-1
Murphy Oil MUR Beats Q3 Earrings and Revenue Estimates,1
TOTAL Gets Nod to Go Ahead With Papua New Guinea LNG Project,1
UPDATE 1Exxon39s climate change fraud trial to wrap up in New York,1
Exxons Expert Witness Knocks NYs Circular Trial Claims,1
Top Analyst Reports for Facebook UnitedHealth  HSBC,-1
Occidental OXY Q3 Earnings Miss Estimates Sales Beat,1
Top Stock Reports for US Bancorp BristolMyers Squibb  Morgan Stanley,-1
Brazil39s Oil Flop Is a Warning for Majors and Aramco,-1
Top Analyst Reports for AbbVie Union Pacific  CSX,1
Can Guyana Survive Striking It Rich,1
Has Shell Performed Better than BP in Q3,1
The Zacks Analyst Blog Highlights Verizon Communications McDonald39s TOTAL Broadcom and UPS,1
Chevron Stock Could Enter the Buy Zone Soon,1
Why Berenberg Prefers ExxonMobil over Chevron,1
Oil Bulls Are Back As Crude Prices Inch Towards 60,1
Why Chinas Oil Majors Arent Leaving Canadas Oil Patch,1
Exxon39s climate change fraud trial to wrap up in New York,1
New Strong Sell Stocks for September 18th,-1
4 Oil amp Gas Stocks Likely to Surpass Q3 Earnings Estimates,1
TOTAL TOT to Report Q3 Earnings What39s in the Cards,-1
11 Chinese Stock Plays On Trade War Weakness,1
Chevron Announces 100000 for California Fire Relief Efforts,1
Brazil Oil Auction a Total Disaster as Bidders Stay Away,1
Top Analyst Reports for Verizon McDonald39s  TOTAL,-1
Top Analyst Reports for Verizon McDonald39s  TOTAL,-1
Oxy Swaps Moxie for Austerity in 2020,-1
Top Stock Reports for US Bancorp BristolMyers Squibb  Morgan Stanley,-1
UPDATE 1Mozambique president heads for big win as observers report iregularities,-1
Brazil Oil Auction a Total Disaster as Bidders Stay Away,-1
Walgreens Boots Exxon Mobil share losses contribute to Dow39s 80point drop,-1
Now Googlers Are Protesting Companys Deals With Big Oil,1
Walgreens Boots Exxon Mobil share losses lead the way but Dow flat,-1
Einhorn Still Bearish on Tesla Prefers GM and Energy Stocks,-1
ExxonMobil FuelCell Energy Expand Agreement for Carbon Capture Technology,-1
Walgreens Boots Exxon Mobil share losses contribute to Dow39s 80point drop,-1
What Kind Of Shareholder Appears On The TOTAL SA39s EPAFP Shareholder Register,-1
Has Shell Performed Better than BP in Q3,-1
FuelCell shares rocket 108 on news of expanded carbon capture deal with Exxon,-1
Saudi Aramco39s Mega IPO 5 Key Facts,-1
Why Berenberg Prefers ExxonMobil over Chevron,-1
Top Analyst Reports for Facebook UnitedHealth  HSBC,-1
Walgreens Boots Exxon Mobil share losses lead the way but Dow flat,-1
Mozambique39s president victorious in election  observer group,-1
Murphy Oil MUR Beats Q3 Earrings and Revenue Estimates,1
UPDATE 1Exxon39s climate change fraud trial to wrap up in New York,-1
What Is A Dividend Plus The 5 Best DividendPaying Stocks Now,-1
TOTAL Gets Nod to Go Ahead With Papua New Guinea LNG Project,1
Chinese Oil Giant Significantly Boosts Shale Reserves,1
UPDATE 1Petrochina reports big shale gas additions in Sichuan basin,-1
PetroChina Discovers Shale Gas Reserves in the Sichuan Basin,-1
Exxons Expert Witness Knocks NYs Circular Trial Claims,-1
The Zacks Analyst Blog Highlights ConocoPhillips Phillips 66 BP and TOTAL,1
False Optimism In Oil Wont Last,1
UPDATE 1Equatorial Guinea to award 78 blocks in Nov press for more drilling,-1
Can Guyana Survive Striking It Rich,-1
CEO Oxy to make further sales to pay down debt reduce spending,-1
4 Oil amp Gas Stocks Likely to Surpass Q3 Earnings Estimates,-1
UPDATE FuelCell shares rally 90 premarket on news of 60 million carbon capture tech pact with ExxonMobil,-1
UPDATE 1PDVSA Chevron to turn Venezuela crude blending plant back into upgrader sources,-1
Brazil39s Oil Flop Is a Warning for Majors and Aramco,-1
Top Analyst Reports for AbbVie Union Pacific  CSX,-1
Occidental OXY Q3 Earnings Miss Estimates Sales Beat,-1
Saudi Aramco to delay some of PetroChina39s October oil loadings  source,-1
Consider This Global Energy ETF For Dividends,1
Headline Roundup,1
Ormat Technologies ORA Q3 Earnings Miss Revenues Up YY,-1
How the Saudi Aramco IPO Will Affect Other Oil Stocks,-1
Chinas Big 3 Struggle To Ramp Up Oil Production,-1
PDVSA Chevron to turn Venezuela crude blending plant back into upgrader  sources,-1
The Zacks Analyst Blog Highlights United Parcel PetroChina Honeywell CME and HP,1
TOTAL TOT to Report Q3 Earnings What39s in the Cards,-1
US Indexes Close Mostly Higher Tuesday,-1
New Strong Sell Stocks for September 18th,1
CNX Resources CNX Posts NarrowerThanExpected Q3 Loss,1
Why Royal Dutch Shell Stock Could Stand Out From Big Oil,-1
Exxon39s climate change fraud trial to wrap up in New York,-1
Brazil39s Oil Flop Is a Warning for Majors and Aramco,-1
Why Chinas Oil Majors Arent Leaving Canadas Oil Patch,-1
Podcast A 19 Drop for Under Armour and Two More Numbers to Know,-1
6 Guru Stocks With Negative Performances,-1
TOTAL to Gain From Adani Venture as India Invests 60B in Gas,-1
3 Stocks Poised to Gain From India39s 60B Investment in Gas,-1
The Zacks Analyst Blog Highlights Facebook UnitedHealth HSBC PetroChina and Netflix,-1
Hedge Funds Have Never Been More Bullish On Danaher Corporation DHR,-1
Is Schwab Fundamental US Broad Market Index ETF FNDB a Strong ETF Right Now,-1
Dow Jones Today A Decent Day Despite McDonalds Controversy,-1
4 Oil amp Gas Stocks Likely to Surpass Q3 Earnings Estimates,-1
Chevron Stock Could Enter the Buy Zone Soon,1
Has Shell Performed Better than BP in Q3,-1
Oil Bulls Are Back As Crude Prices Inch Towards 60,-1
Saudi Aramcos IPO Is Coming Heres What Investors Need to Know,-1
Total Profit Beats Estimates as It Boosts Output Cuts Costs,-1
Oil amp Gas Stock Roundup ConocoPhillips39 Australia Asset Sale Phillips 6639s Buyback amp More,-1
TOTAL TOT Q3 Earnings Beat Estimates Brent Price Hurts,-1
Chevron Announces 100000 for California Fire Relief Efforts,1
UPDATE 2Kazakh energy minister says new Tengiz expansion cost too high,-1
How the Saudi Aramco IPO Will Affect Other Oil Stocks,-1
Top Research Reports for UPS PetroChina  Honeywell,-1
Saudi Aramco finally launches longawaited megaIPO,-1
The Zacks Analyst Blog Highlights Verizon Communications McDonald39s TOTAL Broadcom and UPS,-1
11 Chinese Stock Plays On Trade War Weakness,-1
Stock Market News for Aug 30 2019,-1
Should You Avoid PetroChina Company Limited PTR Like Hedge Funds Did,-1
Market Morning Trump Tax Returns Aramco IPO Confusion Fall From Space Uber Loss,-1
Citi Deutsche get goahead to probe regulator witnesses in landmark cartel case,1
Global Bond SellOff Persuades Some Investors to Buy the Dip,-1
Is JPMorgan Stock A Buy Right Now Here39s What Earnings Charts Show,-1
US Hiring Resilient With 128000 Gain Validating Fed Pause,-1
JPMorgan Has a Plan to Help Amazon and Airbnb Look More Like Banks,-1
The Zacks Analyst Blog Highlights Visa ATampT CocaCola salesforcecom and Lowe39s,-1
Jamie Dimon39s Interview With CNBC,1
Citi Deutsche get goahead to probe regulator witnesses in landmark cartel case,1
Visa Announces Plans for New StateoftheArt San Francisco Headquarters,-1
Warren Buffett Has Been Searching for a Big Acquisition He Should Buy Walgreens,1
Wall Street and the City of London Have Rattled Berlin,1
BofA honors two PIttsburgh nonprofits as Neighborhood Builders,-1
Alipay WeChat Pay Open Apps to Foreigners Visiting China,-1
The Saucer Base This Bank Stock39s Base Formed At A Geological Pace,-1
BofA to award employee incentives for third year in a row,1
JPMorgan Has a Plan to Help Amazon and Airbnb Look More Like Banks,-1
JPMorgan Chase raids Silicon Valley Bank for new venture capital banking team,1
Gold Suffers Worst Week in Two Years as Bulls Run for Cover,1
Why a surtax on multimillionaires income is better than a wealth tax,-1
Stocks  US Futures Jump After White House Considers Huawei Trade Exceptions,-1
Bank of America Raymond James to pay 12 million for college fund overcharges,-1
When Momentum Stocks Cant Live Up to Their Name,-1
IBM Bank of America team up to launch financial servicesspecific cloud,-1
JP Morgan Releases 2020 LongTerm Capital Market Assumptions Analysis Reveals Need For New Portfolio Construction Tactics in LowRate World,-1
3 Strong Buy Payment Stocks from Oppenheimers Top Analyst,1
Time to Buy Facebook FB Stock After Earnings Despite Political Worries,1
Bank of America continues flurry of new Houstonarea branch openings,1
The Zacks Analyst Blog Highlights Apple Intel JPMorgan Chase United Technologies and Home Depot,-1
JPMorgan CEO says lessons learned from failed WeWork IPO,-1
New Calhoun Square owner promises 39significant changes39 after 345M deal,1
Jamie Dimon On China WeWork And Brexit,1
JPMorgan Chase raids Silicon Valley Bank for new venture capital banking team,1
This Day In Market History JP Morgan Ships In Gold To Bail Out The US,-1
Chinas Megvii Considers Delaying IPO on Blacklist Concerns,1
Bank stocks get a boost after jobs data,1
3 Charts That Suggest Financials Are Headed Higher,-1
Bank of America ramps up timeline for 20 an hour minimum wage,1
Bank of America Citigroup stocks rally after JP Morgan boosts bank price targets,1
6 Stocks to Buy for Their Massive Stock Buybacks,1
Visa Expands Transit Partner Program to Accelerate Delivery of Improved Rider Journeys Around the World,-1
UPDATE 1China mobile payment giants Alipay WeChat open to international cards,1
Visa invests in Cincinnati startup Lisnr,1
Visa moving global HQ up to 1500 employees to Giants39 Mission Rock,-1
Mastercard Manages To Beat Both Top And Bottom Line Estimates,1
Jamie Dimon On China WeWork And Brexit,1
UPDATE 1IBM Bank of America team up to launch financial servicesspecific cloud,-1
Wall Street and the City of London Have Rattled Berlin,1
RPTSE Asia39s biggest travel app Traveloka eyes dual listing bets on fintech,1
Bank of America is increasing its minimum wage to 20 per hour sooner than expected,-1
Gold Suffers Worst Week in Two Years as Bulls Run for Cover,1
New Calhoun Square owner promises 39significant changes39 after 345M deal,1
Berkshire Stock Could Get a Lift as Earnings Cash Pile Grow,-1
This Day In Market History JP Morgan Ships In Gold To Bail Out The US,-1
Investing in IPOs is an easy way to lose money,-1
Is JPMorgan Stock A Buy Right Now Here39s What Earnings Charts Show,-1
Why Bank Stocks Werent Impacted by Feds Rate Cut,-1
These 7 Stocks to Buy Were Big Winners This Earnings Season,-1
Top Research Reports for Visa ATT  CocaCola,-1
Peloton Tumbles as Wall Street Seeks Signs of Path to Profit,1
Visa Statement on Tencents Intent to Support International Card Schemes into Mobile Wallet,1
JPMorgan Chase hires Silicon Valley Bank leader in Boston,1
Why Financials ETFs Are On Fire,1
UPDATE 1Bank of America Raymond James to pay 12 mln for college fund overcharges,-1
Why a surtax on multimillionaires income is better than a wealth tax,-1
Bank of America bumps up minimum wage to 20 an hour,1
Global Payments GPN Beats on Q3 Earnings Ups 2019 View,-1
Is JPMorgan Stock A Buy Right Now Here39s What Earnings Charts Show,-1
Nvidia39s Jensen Huang named topperforming CEO of 2019,1
Warren Buffett Has Been Searching for a Big Acquisition He Should Buy Walgreens,1
Jamie Dimon39s Interview With CNBC,1
New York Police Commissioner James P ONeill to Join Visa as Senior Vice President Head of Global Security,-1
How the latest steps by Alipay and WeChat bring China closer to replacing cash with cellphones,-1
Global Bond SellOff Persuades Some Investors to Buy the Dip,-1
Bank of America continues flurry of new Houstonarea branch openings,1
Bank of America Citigroup stocks rally after JP Morgan boosts bank price targets,1
Citi Deutsche get goahead to probe regulator witnesses in landmark cartel case,-1
Jamie Dimon On China WeWork And Brexit,-1
6 Stocks to Buy for Their Massive Stock Buybacks,1
This Day In Market History JP Morgan Ships In Gold To Bail Out The US,1
UPDATE 1Bank of America Raymond James to pay 12 mln for college fund overcharges,1
Bank of America is increasing its minimum wage to 20 per hour sooner than expected,-1
Top Research Reports for Visa ATT  CocaCola,-1
US Hiring Resilient With 128000 Gain Validating Fed Pause,1
JPMorgan Chase hires Silicon Valley Bank leader in Boston,-1
Peloton Tumbles as Wall Street Seeks Signs of Path to Profit,-1
Stocks  US Futures Jump After White House Considers Huawei Trade Exceptions,-1
This Day In Market History JP Morgan Ships In Gold To Bail Out The US,1
Visa moving global HQ up to 1500 employees to Giants39 Mission Rock,-1
The Saucer Base This Bank Stock39s Base Formed At A Geological Pace,-1
Investing in IPOs is an easy way to lose money,-1
Jamie Dimon39s Interview With CNBC,-1
Global Bond SellOff Persuades Some Investors to Buy the Dip,1
The Zacks Analyst Blog Highlights Apple Intel JPMorgan Chase United Technologies and Home Depot,1
Mastercard Manages To Beat Both Top And Bottom Line Estimates,1
Gold Suffers Worst Week in Two Years as Bulls Run for Cover,-1
Why Bank Stocks Werent Impacted by Feds Rate Cut,1
Warren Buffett Has Been Searching for a Big Acquisition He Should Buy Walgreens,-1
Jamie Dimon39s Interview With CNBC,-1
Why a surtax on multimillionaires income is better than a wealth tax,1
Why Financials ETFs Are On Fire,-1
Citi Deutsche get goahead to probe regulator witnesses in landmark cartel case,-1
Jamie Dimon On China WeWork And Brexit,-1
JPMorgan Chase raids Silicon Valley Bank for new venture capital banking team,-1
JP Morgan Releases 2020 LongTerm Capital Market Assumptions Analysis Reveals Need For New Portfolio Construction Tactics in LowRate World,-1
3 Charts That Suggest Financials Are Headed Higher,1
BofA honors two PIttsburgh nonprofits as Neighborhood Builders,-1
Why a surtax on multimillionaires income is better than a wealth tax,1
JPMorgan Has a Plan to Help Amazon and Airbnb Look More Like Banks,-1
How the latest steps by Alipay and WeChat bring China closer to replacing cash with cellphones,1
Chinas Megvii Considers Delaying IPO on Blacklist Concerns,-1
Bank of America bumps up minimum wage to 20 an hour,1
Visa Expands Transit Partner Program to Accelerate Delivery of Improved Rider Journeys Around the World,1
Stock Market Confuses Optimism With Relief,1
Bank stocks get a boost after jobs data,1
Global Payments GPN Beats on Q3 Earnings Ups 2019 View,1
JPMorgan Has a Plan to Help Amazon and Airbnb Look More Like Banks,-1
The Zacks Analyst Blog Highlights Visa ATampT CocaCola salesforcecom and Lowe39s,1
Gold Suffers Worst Week in Two Years as Bulls Run for Cover,-1
Is JPMorgan Stock A Buy Right Now Here39s What Earnings Charts Show,-1
New Calhoun Square owner promises 39significant changes39 after 345M deal,1
Visa invests in Cincinnati startup Lisnr,1
New York Police Commissioner James P ONeill to Join Visa as Senior Vice President Head of Global Security,-1
Market Morning Trump Tax Returns Aramco IPO Confusion Fall From Space Uber Loss,1
UPDATE 1China mobile payment giants Alipay WeChat open to international cards,-1
These 7 Stocks to Buy Were Big Winners This Earnings Season,-1
Bank of America ramps up timeline for 20 an hour minimum wage,-1
Visa Statement on Tencents Intent to Support International Card Schemes into Mobile Wallet,-1
UPDATE 1IBM Bank of America team up to launch financial servicesspecific cloud,1
Bank of America Raymond James to pay 12 million for college fund overcharges,1
Is JPMorgan Stock A Buy Right Now Here39s What Earnings Charts Show,-1
IBM Bank of America team up to launch financial servicesspecific cloud,1
Wall Street and the City of London Have Rattled Berlin,-1
Global Bond SellOff Persuades Some Investors to Buy the Dip,1
Is JPMorgan Stock A Buy Right Now Here39s What Earnings Charts Show,-1
JPMorgan CEO says lessons learned from failed WeWork IPO,-1
Nvidia39s Jensen Huang named topperforming CEO of 2019,1
3 Strong Buy Payment Stocks from Oppenheimers Top Analyst,1
Time to Buy Facebook FB Stock After Earnings Despite Political Worries,-1
Berkshire Stock Could Get a Lift as Earnings Cash Pile Grow,-1
RPTSE Asia39s biggest travel app Traveloka eyes dual listing bets on fintech,-1
JPMorgan Chase raids Silicon Valley Bank for new venture capital banking team,-1
Wall Street and the City of London Have Rattled Berlin,-1
When Momentum Stocks Cant Live Up to Their Name,1
Alipay WeChat Pay Open Apps to Foreigners Visiting China,-1
New Calhoun Square owner promises 39significant changes39 after 345M deal,1
Warren Buffett Has Been Searching for a Big Acquisition He Should Buy Walgreens,-1
Visa Announces Plans for New StateoftheArt San Francisco Headquarters,-1
800M Stifel team jumps to Wells Fargo Advisors,1
Why You Might Be Interested In Wells Fargo  Company NYSEWFC For Its Upcoming Dividend,1
FLEETCOR FLT Beats on Q3 Earnings amp Revenues Tweaks View,1
Are There Any Cheerful Democrats Left Yes in Iowa,-1
A Bullish View of Microsofts Outlook,1
Wells Fargo responds to suit by banker fired after 4B Burger King deal,-1
New program to provide down payments for homebuyers in Allegheny County,1
Speculators Scooping Up Wynn Resorts Shares,1
Which Companies Recently Raised Guidance,1
MasterCard SpendingPulse expects 31 sales growth in November and December,-1
Wells Fargo names exObama chief of staff as public affairs boss,-1
Mastercard to Participate in Upcoming Investor Conference,1
Biz Digest High school project breaks ground a 135M retail sale a 35M flooring contract  more,1
Why the 40 Billion Leveraged Loan Mess Is Bad News for the Markets,-1
Fed39s 39Good Place39 Is No Happy Place for Stocks,-1
UPDATE 1China mobile payment giants Alipay WeChat open to international cards,1
To fight fraud companies like Best Buy Wells Fargo 39fingerprint39 web browsers,1
What To Know Before Buying Wells Fargo  Company NYSEWFC For Its Dividend,1
Fiserv FISV Lags Q3 Earnings amp Revenue Estimates Ups View,-1
US Indexes Close Mostly Higher Tuesday,1
Wells Fargo taps Bill Daley former White House official head of public affairs,-1
StockBeat Marvell Soars on Wells Fargo Upgrade,1
Facebook Getting a New Face,-1
US Service Sector Rebounds in October 4 Top Picks,-1
Here39s the message Wells Fargo39s new CEO has for employees,1
Time to Buy Facebook FB Stock After Earnings Despite Political Worries,-1
Jamie Dimon39s Interview With CNBC,1
The Zacks Analyst Blog Highlights Facebook PayPal eBay and MasterCard,-1
Exclusive Wells Fargo lays off more than 200 business bankers in US  sources,1
China mobile payment giants Alipay WeChat open to international cards,1
Buy Apple Stock at New Highs Heading into the Holiday Shopping Season,-1
Tweedy Browne Trims Baidu Exits Mastercard,-1
This top corporate donor dedicated much of its efforts toward lifting neighborhoods  including Orlando39s Parramore community,1
Tweedy Browne39s 3rdQuarter Buys,1
Why Mastercard Shows Buying Growth Stocks On A GapUp Is Sound Investing Strategy,1
Is Mastercard MA Stock Outpacing Its Business Services Peers This Year,1
Visa Rival Mastercard Stock Up Ties In With AmEx Apple Pay,1
Tappy Technologies partners with Mastercard to Embed Payment Functionality into Fashion Wearables,-1
3 Strong Buy Payment Stocks from Oppenheimers Top Analyst,1
What To Know Before Buying Wells Fargo  Company NYSEWFC For Its Dividend,-1
Wells Fargo names exObama chief of staff as public affairs boss,1
US CFTC orders Wells Fargo to pay 14 million over unfair foreign exchange trade,-1
Mastercard Partners with BMO Harris and Superbia to Bring the True Name Feature to their Card Offerings,-1
Fed39s 39Good Place39 Is No Happy Place for Stocks,1
US Indexes Close Mostly Higher Tuesday,-1
Speculators Scooping Up Wynn Resorts Shares,1
Top Analyst Reports for Mastercard UnitedHealth  Merck,-1
Biz Digest High school project breaks ground a 135M retail sale a 35M flooring contract  more,-1
Mastercard Partners Tappy to Enable Payment Via Wearables,1
Tweedy Browne39s 3rdQuarter Buys,1
3 Strong Buy Payment Stocks from Oppenheimers Top Analyst,1
Insperity NSP Q3 Earnings Lag Revenues Beat View Down,1
Which Companies Recently Raised Guidance,1
To fight fraud companies like Best Buy Wells Fargo 39fingerprint39 web browsers,1
Jamie Dimon39s Interview With CNBC,1
Fiserv FISV Lags Q3 Earnings amp Revenue Estimates Ups View,-1
Why You Might Be Interested In Wells Fargo  Company NYSEWFC For Its Upcoming Dividend,-1
New program to provide down payments for homebuyers in Allegheny County,1
Wells Fargo responds to suit by banker fired after 4B Burger King deal,1
Wells Fargo taps Bill Daley former White House official head of public affairs,-1
Why Mastercard Shows Buying Growth Stocks On A GapUp Is Sound Investing Strategy,1
FLEETCOR FLT Beats on Q3 Earnings amp Revenues Tweaks View,1
UPDATE 1China mobile payment giants Alipay WeChat open to international cards,-1
Tweedy Browne Trims Baidu Exits Mastercard,-1
Man on a mission How he39s guiding a program for veterans at Wells Fargo,-1
This top corporate donor dedicated much of its efforts toward lifting neighborhoods  including Orlando39s Parramore community,1
StockBeat Marvell Soars on Wells Fargo Upgrade,-1
Are There Any Cheerful Democrats Left Yes in Iowa,-1
The Zacks Analyst Blog Highlights Facebook PayPal eBay and MasterCard,1
Here39s the message Wells Fargo39s new CEO has for employees,1
Visa Rival Mastercard Stock Up Ties In With AmEx Apple Pay,1
UPDATE 1US CFTC orders Wells Fargo to pay 14 mln over unfair foreign exchange trade,-1
US Service Sector Rebounds in October 4 Top Picks,1
Tappy Technologies partners with Mastercard to Embed Payment Functionality into Fashion Wearables,1
ICF International ICFI Beats on Q3 Earnings and Revenues,-1
Mastercard to Participate in Upcoming Investor Conference,-1
Facebook Getting a New Face,1
Mastercard to Participate in Upcoming Investor Conference,-1
Tweedy Browne Trims Baidu Exits Mastercard,1
Fiserv FISV Lags Q3 Earnings amp Revenue Estimates Ups View,1
FLEETCOR FLT Beats on Q3 Earnings amp Revenues Tweaks View,1
The Zacks Analyst Blog Highlights Facebook PayPal eBay and MasterCard,-1
Why You Might Be Interested In Wells Fargo  Company NYSEWFC For Its Upcoming Dividend,-1
US Service Sector Rebounds in October 4 Top Picks,1
Visa Rival Mastercard Stock Up Ties In With AmEx Apple Pay,-1
Man on a mission How he39s guiding a program for veterans at Wells Fargo,-1
Mastercard Partners with BMO Harris and Superbia to Bring the True Name Feature to their Card Offerings,-1
Wells Fargo taps Bill Daley former White House official head of public affairs,-1
Tappy Technologies partners with Mastercard to Embed Payment Functionality into Fashion Wearables,1
Are There Any Cheerful Democrats Left Yes in Iowa,-1
US CFTC orders Wells Fargo to pay 14 million over unfair foreign exchange trade,1
Which Companies Recently Raised Guidance,1
Jamie Dimon39s Interview With CNBC,-1
StockBeat Marvell Soars on Wells Fargo Upgrade,-1
Insperity NSP Q3 Earnings Lag Revenues Beat View Down,1
Biz Digest High school project breaks ground a 135M retail sale a 35M flooring contract  more,1
What To Know Before Buying Wells Fargo  Company NYSEWFC For Its Dividend,-1
This top corporate donor dedicated much of its efforts toward lifting neighborhoods  including Orlando39s Parramore community,-1
Why Mastercard Shows Buying Growth Stocks On A GapUp Is Sound Investing Strategy,1
UPDATE 1US CFTC orders Wells Fargo to pay 14 mln over unfair foreign exchange trade,1
Wells Fargo names exObama chief of staff as public affairs boss,-1
Mastercard Partners Tappy to Enable Payment Via Wearables,1
UPDATE 1China mobile payment giants Alipay WeChat open to international cards,-1
3 Strong Buy Payment Stocks from Oppenheimers Top Analyst,1
ICF International ICFI Beats on Q3 Earnings and Revenues,-1
Top Analyst Reports for Mastercard UnitedHealth  Merck,1
Facebook Getting a New Face,-1
Here39s the message Wells Fargo39s new CEO has for employees,1
Speculators Scooping Up Wynn Resorts Shares,1
Wells Fargo responds to suit by banker fired after 4B Burger King deal,1
To fight fraud companies like Best Buy Wells Fargo 39fingerprint39 web browsers,1
Fed39s 39Good Place39 Is No Happy Place for Stocks,1
New program to provide down payments for homebuyers in Allegheny County,1
Tweedy Browne39s 3rdQuarter Buys,1
US Indexes Close Mostly Higher Tuesday,1
UPDATE 1China mobile payment giants Alipay WeChat open to international cards,-1
Tweedy Browne39s 3rdQuarter Buys,-1
US Indexes Close Mostly Higher Tuesday,-1
3 Strong Buy Payment Stocks from Oppenheimers Top Analyst,-1
Visa Rival Mastercard Stock Up Ties In With AmEx Apple Pay,-1
Fed39s 39Good Place39 Is No Happy Place for Stocks,-1
Here39s the message Wells Fargo39s new CEO has for employees,-1
Insperity NSP Q3 Earnings Lag Revenues Beat View Down,-1
ICF International ICFI Beats on Q3 Earnings and Revenues,-1
Mastercard to Participate in Upcoming Investor Conference,-1
This top corporate donor dedicated much of its efforts toward lifting neighborhoods  including Orlando39s Parramore community,-1
Biz Digest High school project breaks ground a 135M retail sale a 35M flooring contract  more,1
US Service Sector Rebounds in October 4 Top Picks,-1
Wells Fargo taps Bill Daley former White House official head of public affairs,1
New program to provide down payments for homebuyers in Allegheny County,-1
Fiserv FISV Lags Q3 Earnings amp Revenue Estimates Ups View,-1
UPDATE 1US CFTC orders Wells Fargo to pay 14 mln over unfair foreign exchange trade,1
Speculators Scooping Up Wynn Resorts Shares,-1
Wells Fargo responds to suit by banker fired after 4B Burger King deal,-1
Jamie Dimon39s Interview With CNBC,-1
Why You Might Be Interested In Wells Fargo  Company NYSEWFC For Its Upcoming Dividend,-1
Mastercard Partners Tappy to Enable Payment Via Wearables,-1
Facebook Getting a New Face,-1
StockBeat Marvell Soars on Wells Fargo Upgrade,-1
To fight fraud companies like Best Buy Wells Fargo 39fingerprint39 web browsers,1
What To Know Before Buying Wells Fargo  Company NYSEWFC For Its Dividend,1
Top Analyst Reports for Mastercard UnitedHealth  Merck,1
China mobile payment giants Alipay WeChat open to international cards,-1
Man on a mission How he39s guiding a program for veterans at Wells Fargo,1
Wells Fargo names exObama chief of staff as public affairs boss,-1
Tappy Technologies partners with Mastercard to Embed Payment Functionality into Fashion Wearables,-1
Why Mastercard Shows Buying Growth Stocks On A GapUp Is Sound Investing Strategy,1
Mastercard Partners with BMO Harris and Superbia to Bring the True Name Feature to their Card Offerings,-1
Which Companies Recently Raised Guidance,-1
Are There Any Cheerful Democrats Left Yes in Iowa,1
FLEETCOR FLT Beats on Q3 Earnings amp Revenues Tweaks View,-1
The Zacks Analyst Blog Highlights Facebook PayPal eBay and MasterCard,-1
US CFTC orders Wells Fargo to pay 14 million over unfair foreign exchange trade,1
Shale Stocks Are Suffering From A Sentiment Problem,-1
UPDATE 1EOG Resources shares jump on upbeat Q3 earnings,1
EOG Resources EOG to Report Q3 Earnings What39s in Store,1
EOG Resources adjusted profit falls on lower crude natgas prices,1
Ecopetrol SA responds to information published in the media on the ruling ordering 145 million Invercolsa shares to be returned to Ecopetrol,-1
EOG Resources to Present at Upcoming Conference,-1
Ecopetrol39s EC Q2 Earnings Decline YY on Lower Oil Price,1
Oil Stuck In Limbo As Trade Talks Fail To Inspire,-1
Is EOG Resources NYSEEOG Using Too Much Debt,-1
EOGs Fracking Antidote Could Use a Booster,-1
Top Energy Stocks for November 2019,-1
South Texas Drilling Permit Roundup Permitting hits record high as production expected to dip,-1
Earnings 3 Strong Buy Stocks to Watch Wednesday,-1
Were Hedge Funds Right About Dumping Ecopetrol SA EC,1
Ecopetrol part of a light oil discovery in the deep waters of the Gulf of Mexico USA,-1
TopPerforming Biotech ETFs YTD,-1
Bomb illegal valves damage Colombia39s Transandino pipeline,-1
Colombia fracking pilots could start in late 2020  Ecopetrol CEO,1
Black Gold Re  Moodys announces completion of a periodic review of ratings of Black Gold Re,1
The Top 5 Buys of T Boone Pickens39 BP Capital,-1
EOG Resources Earnings inline Revenue Misses In Q3,1
Ecopetrol Group Announces Second Quarter 2019 Results,-1
Should Value Investors Consider Ecopetrol EC Stock Now,-1
Ecopetrol acquires 30 of the Gato do Mato discovery in Brazils PreSalt,1
Edited Transcript of EOG earnings conference call or presentation 7Nov19 300pm GMT,1
EOG Resources Reports Outstanding Third Quarter 2019 Results Announces Two New Delaware Basin Plays and Adds 1700 Net Premium Locations,1
Latin America ETFs Bounce as Growth Slowdown Fears Ease,-1
Behind The List These Houstonbased publicly traded companies had the largest asset volume in 2018,-1
Ecopetrol Announces Timing of the Third Quarter of 2019 Earnings Report and Conference Call,1
EOG Resources EOG Q3 Earnings amp Revenues Miss Estimates,1
Colombia39s Ecopetrol says 2019 investment could be as high as 5 bln,-1
UPDATE 1EOG Resources adjusted profit slumps on lower prices,-1
TOTAL TOT Q3 Earnings Beat Estimates Brent Price Hurts,-1
39The Apple Of Oil39 Misses Adds Permian Plays After Shale Rival Warns Of Long Slump,1
CEO Oxy to make further sales to pay down debt reduce spending,-1
Colombia pipeline ready to transport more crude if fracking approved company,-1
Ecopetrol Group Announces Third Quarter and the First Nine Months of 2019 Results,-1
