headline,label
Shale Stocks Are Suffering From A Sentiment Problem,-1
UPDATE 1EOG Resources shares jump on upbeat Q3 earnings,1
EOG Resources EOG to Report Q3 Earnings What39s in Store,1
EOG Resources adjusted profit falls on lower crude natgas prices,1
Ecopetrol SA responds to information published in the media on the ruling ordering 145 million Invercolsa shares to be returned to Ecopetrol,-1
EOG Resources to Present at Upcoming Conference,-1
Ecopetrol39s EC Q2 Earnings Decline YY on Lower Oil Price,1
Oil Stuck In Limbo As Trade Talks Fail To Inspire,-1
Is EOG Resources NYSEEOG Using Too Much Debt,-1
EOGs Fracking Antidote Could Use a Booster,-1
Top Energy Stocks for November 2019,-1
South Texas Drilling Permit Roundup Permitting hits record high as production expected to dip,-1
Earnings 3 Strong Buy Stocks to Watch Wednesday,-1
Were Hedge Funds Right About Dumping Ecopetrol SA EC,1
Ecopetrol part of a light oil discovery in the deep waters of the Gulf of Mexico USA,-1
TopPerforming Biotech ETFs YTD,-1
Bomb illegal valves damage Colombia39s Transandino pipeline,-1
Colombia fracking pilots could start in late 2020  Ecopetrol CEO,1
Black Gold Re  Moodys announces completion of a periodic review of ratings of Black Gold Re,1
The Top 5 Buys of T Boone Pickens39 BP Capital,-1
EOG Resources Earnings inline Revenue Misses In Q3,1
Ecopetrol Group Announces Second Quarter 2019 Results,-1
Should Value Investors Consider Ecopetrol EC Stock Now,-1
Ecopetrol acquires 30 of the Gato do Mato discovery in Brazils PreSalt,1
Edited Transcript of EOG earnings conference call or presentation 7Nov19 300pm GMT,1
EOG Resources Reports Outstanding Third Quarter 2019 Results Announces Two New Delaware Basin Plays and Adds 1700 Net Premium Locations,1
Latin America ETFs Bounce as Growth Slowdown Fears Ease,-1
Behind The List These Houstonbased publicly traded companies had the largest asset volume in 2018,-1
Ecopetrol Announces Timing of the Third Quarter of 2019 Earnings Report and Conference Call,1
EOG Resources EOG Q3 Earnings amp Revenues Miss Estimates,1
Colombia39s Ecopetrol says 2019 investment could be as high as 5 bln,-1
UPDATE 1EOG Resources adjusted profit slumps on lower prices,-1
TOTAL TOT Q3 Earnings Beat Estimates Brent Price Hurts,-1
39The Apple Of Oil39 Misses Adds Permian Plays After Shale Rival Warns Of Long Slump,1
CEO Oxy to make further sales to pay down debt reduce spending,-1
Colombia pipeline ready to transport more crude if fracking approved company,-1
Ecopetrol Group Announces Third Quarter and the First Nine Months of 2019 Results,-1
